zone,n_contracts,sum_debt,avg_score
green,3875,8.5302936e+07,0.04007094561511037
yellow,11949,6.4953764e+07,0.0414380904912167
red,16450,1.0323348e+08,0.19129407667462792
