{
  "target_col": "default_future",
  "forward_horizon_months": 3,
  "train_metrics": {
    "n": 335637,
    "positive_rate": 0.16443061998528172,
    "roc_auc": 0.994509151598903,
    "pr_auc": 0.9746280320533108,
    "gini": 0.9890183031978059,
    "ks": 0.9288108272059445,
    "brier": 0.03027079205989011,
    "precision@thr": 0.8456751711263223,
    "recall@thr": 0.9603544184529526,
    "f1@thr": 0.8993738439870357,
    "tp": 53001,
    "fp": 9672,
    "tn": 270776,
    "fn": 2188,
    "threshold": 0.5
  },
  "test_metrics": {
    "n": 83910,
    "positive_rate": 0.12788702180908115,
    "roc_auc": 0.97986956242621,
    "pr_auc": 0.9470980591518907,
    "gini": 0.9597391248524201,
    "ks": 0.8854809670229191,
    "brier": 0.028162487515660067,
    "precision@thr": 0.8559880502592039,
    "recall@thr": 0.907837107445718,
    "f1@thr": 0.881150506512301,
    "tp": 9742,
    "fp": 1639,
    "tn": 71540,
    "fn": 989,
    "threshold": 0.5
  },
  "cv_metrics": {
    "cv_roc_auc_mean": 0.9457605455164574,
    "cv_roc_auc_std": 0.06427354152208282
  },
  "model_type": "lightgbm",
  "trained_at": "2026-04-21T19:07:00.902889+00:00",
  "n_numeric": 44,
  "n_categorical": 4
}